CustomerID,FirstName,LastName,Email,Phone
1,Justin,Taylor,customer1@example.com,(616)841-3019x95895
2,James,Williams,customer2@example.com,0387663312
3,Kevin,Mejia,customer3@example.com,(607)252-6010
4,Hannah,Harmon,customer4@example.com,6199739623
5,Carl,Brown,customer5@example.com,(151)235-7286
6,Patricia,Barron,customer6@example.com,001-959-104-7065x5079
7,Richard,Rubio,customer7@example.com,776-586-7604x58540
8,Nicholas,Martin,customer8@example.com,758-291-7834
9,Wendy,Freeman,customer9@example.com,747.409.8356
10,Jeremy,Hall,customer10@example.com,203-783-0863
11,Shannon,Aguirre,customer11@example.com,(056)081-0958
12,Benjamin,Jackson,customer12@example.com,+1-115-542-0516
13,Amy,Patrick,customer13@example.com,+1-209-983-3210
14,Mary,Harvey,customer14@example.com,+1-034-267-6671x17886
15,Austin,Petersen,customer15@example.com,+1-682-395-9751x079
16,Catherine,Miller,customer16@example.com,380-567-8522x816
17,James,Jackson,customer17@example.com,767.097.8445x22393
18,Kelly,Martinez,customer18@example.com,022.142.7651x17784
19,Michael,Green,customer19@example.com,(078)107-5932x374
20,Theresa,Williams,customer20@example.com,922-425-1168x3815
21,Charles,Brady,customer21@example.com,(516)267-2372
22,Stephen,Cox,customer22@example.com,(214)045-0780
23,Dennis,Roberts,customer23@example.com,767.160.7166x623
24,Mary,Stewart,customer24@example.com,234.583.3191
25,Steven,Wallace,customer25@example.com,+1-544-120-6683x7849
26,Carl,Rogers,customer26@example.com,011.997.1440
27,Bradley,Wheeler,customer27@example.com,+1-290-327-2996x7717
28,Michael,Anderson,customer28@example.com,+1-562-574-5481x673
29,Hannah,Rasmussen,customer29@example.com,372-860-0396
30,Renee,Sims,customer30@example.com,001-842-908-7299x544
31,Nicole,Austin,customer31@example.com,001-707-392-9124x31672
32,Linda,Atkinson,customer32@example.com,+1-397-516-4837x8549
33,Tammy,Powell,customer33@example.com,(286)524-3582x80487
34,Patrick,Brady,customer34@example.com,001-525-054-1846
35,Matthew,Aguirre,customer35@example.com,804.604.6243x6769
36,Frances,Walker,customer36@example.com,947.577.4220x91599
37,Samantha,King,customer37@example.com,(222)658-0571
38,Cory,Haas,customer38@example.com,132.140.2138
39,Amanda,Fuller,customer39@example.com,753.879.0499
40,Shelley,Owens,customer40@example.com,012-313-4984x722
41,Tracy,Hill,customer41@example.com,660.788.8091
42,Daniel,Miller,customer42@example.com,149-725-2816x9216
43,Jennifer,Serrano,customer43@example.com,001-961-022-1018x765
44,Ryan,Rose,customer44@example.com,(887)466-3720x1855
45,Jeffery,Bailey,customer45@example.com,001-766-648-8520x91219
46,Pamela,Mathews,customer46@example.com,+1-292-661-2381x1655
47,Megan,Williams,customer47@example.com,016-959-0487x31890
48,John,Hill,customer48@example.com,375-743-3864
49,Madison,Hall,customer49@example.com,4602986714
50,Rhonda,Rodriguez,customer50@example.com,+1-643-179-5981x5288
51,Misty,Ayala,customer51@example.com,+1-995-136-4538x46171
52,Makayla,Hamilton,customer52@example.com,362-942-2842x617
53,Rachel,Martinez,customer53@example.com,095.639.3502x304
54,Patrick,Mcdonald,customer54@example.com,526-018-2024x66732
55,Amanda,Johnson,customer55@example.com,717-627-6949x6412
56,Bridget,Gay,customer56@example.com,430-852-5989
57,Jeffrey,Li,customer57@example.com,8358112477
58,Tina,Moore,customer58@example.com,717-909-3066x467
59,Kimberly,Meyer,customer59@example.com,001-249-993-3777x381
60,Emily,Johnson,customer60@example.com,(698)172-2660x115
61,Jacob,Green,customer61@example.com,613.746.5054
62,Joshua,Joseph,customer62@example.com,001-038-088-9037x71217
63,Laura,Lopez,customer63@example.com,168.585.4131x0038
64,Justin,Carr,customer64@example.com,(826)136-9641x2236
65,Donald,Smith,customer65@example.com,+1-704-653-5632x6870
66,Danielle,Jones,customer66@example.com,+1-753-561-4000x03382
67,Kathy,Young,customer67@example.com,(646)803-7259
68,Shane,Hammond,customer68@example.com,974-448-8496x0178
69,Nancy,Davis,customer69@example.com,700-139-7077
70,Tyler,Romero,customer70@example.com,656.776.2012
71,Lauren,Livingston,customer71@example.com,001-553-620-8730
72,Marc,Garrett,customer72@example.com,099-225-4171x50397
73,Ryan,Lozano,customer73@example.com,+1-475-391-5069
74,Jeffrey,Walker,customer74@example.com,001-643-950-0333x60382
75,Jonathan,Hardy,customer75@example.com,5200032491
76,Jessica,Hughes,customer76@example.com,787-907-3928
77,Eric,Valentine,customer77@example.com,599.481.6119
78,Thomas,Benson,customer78@example.com,885.555.7100
79,Julian,Williams,customer79@example.com,+1-970-730-3137
80,Brian,Roberts,customer80@example.com,031.891.7675
81,Barbara,Hunt,customer81@example.com,(912)142-0155
82,Jennifer,Bowman,customer82@example.com,001-695-318-7938x2708
83,Robert,Watts,customer83@example.com,+1-057-782-2812
84,Angelica,Flynn,customer84@example.com,541.543.2964
85,Michael,Smith,customer85@example.com,(990)816-7949x09321
86,Laura,Ryan,customer86@example.com,001-009-064-8860
87,Kristi,Daniel,customer87@example.com,+1-119-577-2668x50716
88,Barbara,Avila,customer88@example.com,025.462.6841x91792
89,Tammy,Smith,customer89@example.com,+1-798-792-6997x17857
90,Alicia,Hendricks,customer90@example.com,(974)154-7943x5202
91,Ashley,Simon,customer91@example.com,+1-909-459-3060x5211
92,David,Clark,customer92@example.com,764.361.2833x14824
93,Catherine,Gonzalez,customer93@example.com,500.665.7653
94,Brandon,Copeland,customer94@example.com,+1-661-108-6625
95,Nathan,Butler,customer95@example.com,+1-196-234-8024
96,Katherine,Wood,customer96@example.com,(465)374-2159x31027
97,Carl,Bailey,customer97@example.com,(806)158-6499
98,Curtis,Lopez,customer98@example.com,390.651.5561
99,Kayla,Braun,customer99@example.com,439.488.4953x016
100,Andrea,Glover,customer100@example.com,395-240-8382
